{"CalPose": [[0.03792070518128274, 0.06912333943232564, 0.42333665445430535, 2.701689630533588, 0.0765580361142254, -0.10260688385695822], [0.04088693724532861, 0.05147862143466488, 0.34970761229585706, 2.727904950150847, 0.08597924089170474, -0.10601562792760374], [0.06504910423755597, 0.056876066520634885, 0.3467391223956098, 2.638591270185176, 0.5943650460596908, -0.054320936748098354], [0.011808835311142329, 0.05437588741081569, 0.35045366717165444, 2.710707250040018, -0.509390347914686, -0.19856751566780936], [-0.0555611497229405, 0.05307919063012018, 0.3763008292122494, 2.67779614667027, -0.4812613041215546, 0.26401114749944166], [0.09188602156559073, 0.03702025690072268, 0.4380178401813121, 2.773236151624444, -0.18386577696202228, -0.6224345316520168], [0.038762654397622595, 0.0290326958671839, 0.36338233823150984, 2.8821162742298165, -0.2152356195660463, -0.3674464961538934], [0.009655589733363048, 0.041607345449687756, 0.41693220384142027, 2.768876695150543, 0.12012539848494795, -0.0051853173079068025], [0.008819704963463553, 0.08512874191438136, 0.41734885255974, 2.698348702195357, 0.10845962505258518, 0.2489572074583373], [0.058383949835614825, 0.025872042006590282, 0.5142759899367052, 3.0032296508843683, 0.20747238278731733, -0.14265288905362358], [0.050875485117061435, 0.05434023684681158, 0.5417731131099783, 2.5934457344165245, 0.10143534246157916, -0.11010990832539368], [0.05277983066107719, 0.043113851034138985, 0.51782085328546, 2.8282351096692806, 0.12601046763422308, -0.1947210232149206]], "ToolPose": [[-0.410480644939685, -0.24113831267228708, 0.5597916700611572, -0.8385607207630483, -1.7654257639814617, 1.730143750689923], [-0.46131898139424704, -0.2921260321903892, 0.5557557899471429, -0.84797630188361, -1.791556493252188, 1.7108798311485784], [-0.46161764069839833, -0.292398448961355, 0.555285119955866, -0.47386778427060683, -1.8151533878511974, 1.466534833515979], [-0.4618056781564514, -0.2923905956781854, 0.5549609411263037, -1.3038973345505862, -1.6961064436765132, 1.9616182622598601], [-0.39174319135699254, -0.3241067731175926, 0.556889886510498, -1.4419370493863037, -1.4704214387868313, 1.6545460753103458], [-0.46075054780220703, -0.1669739690519111, 0.5725294050882659, -0.8759848410648532, -2.0668268715328626, 2.035099087413687], [-0.48177306604752507, -0.2488715924449718, 0.5845268713808855, -1.0476335534275583, -2.000431810785069, 1.838056466062311], [-0.4100051151284698, -0.24739190939346595, 0.5693573195039939, -0.8901925106247514, -1.7960592789237193, 1.5880949686604582], [-0.3636726740904836, -0.3057450313661114, 0.5914099717645107, -0.9626997368794556, -1.6331627009359075, 1.498555086364732], [-0.33389611414334786, -0.20054652964901004, 0.6970062509834545, -0.9095320318713824, -2.084403425570999, 1.3916710991136845], [-0.3175668665391709, -0.18149122029349418, 0.48705447655773076, -0.7823407778206944, -1.669187032423628, 1.778037240398041], [-0.35257628179581685, -0.16566914451032377, 0.5920338229655223, -0.8294936908383895, -1.918351125509249, 1.663638032085111]]}