{"CalPose": [[-0.005038471084020851, -0.03524017858429902, 0.5778295258758729, -2.8561293998768793, 0.27342317217808976, 0.013668510410500332], [-0.055768910814960465, -0.03997136011809693, 0.5818710876088878, -2.7351417207362956, 0.18754608492912106, -0.3721910371444726], [0.06028653377454541, -0.030833693757047205, 0.5668708154180192, -2.6713722779418876, -0.060663835380750764, 0.2865245631621172], [0.06842294892762381, 0.030450691385988635, 0.6198045946040134, -2.7591769149075427, -0.017023798747994846, 0.36535378487019604], [0.020716942617012183, 0.0292322852236453, 0.6258846571106896, -2.8801111743763697, -0.11850738212271048, -0.2284056730702157], [-0.0324138301657739, 0.022467848822311173, 0.6336368873828964, -2.8463327755447043, -0.22586312360388797, -0.38329366467013243], [-0.01142257678757023, -0.03614583430742207, 0.6107052364641437, -2.912275575106796, -0.18941348439754577, -0.5213586167054254], [0.05761813127141248, -0.028236468938469463, 0.5989518996929538, -2.8958798941666886, -0.008484022241574418, -0.03538496847850006], [0.014748936875630385, -0.012846519639094379, 0.6104925737738134, -2.8899050311009833, -0.12094942438735788, -0.30965984723500967]], "ToolPose": [[-0.41963664307271203, -0.30402936873101144, 0.43700425491171946, -0.5156842645492133, -1.0041505835282527, 2.204784869602883], [-0.44848123680344, -0.26266981054913935, 0.437496231453426, -0.22136665431634733, -1.262664040634847, 2.189871496592771], [-0.38244901959618793, -0.359432065371869, 0.4406661210991233, -0.7003195015071805, -1.0429013760936028, 1.83470302564], [-0.39070870284005355, -0.37423015375581464, 0.3607422440021693, -0.7002608917798337, -0.9286854019861777, 1.8987216131032267], [-0.4192917688634164, -0.33653362038537527, 0.35874853140937485, -0.22401109358182858, -1.0191124748996476, 2.0123302618802006], [-0.4466686457730122, -0.2907805292437576, 0.3573387796439889, -0.048297244322566726, -1.0587573669836579, 1.9777523934894212], [-0.4067429036663354, -0.28533185981408793, 0.41012900553857135, 0.07385141995976734, -1.0189081641517397, 2.04747617542318], [-0.37063207378154334, -0.34427854956448756, 0.41207443422928697, -0.35485236100046447, -0.9320970948407977, 2.0671550763784445], [-0.40299327028033743, -0.31586539693147564, 0.3939260655266783, -0.16199050185543473, -1.0095502838131631, 2.033840641126901]]}